"id","title","description","created_at","archive"
"2","Training","","2023-07-04T19:44:37.000Z","0"
"4","AusRoofing","","2023-07-04T19:44:37.000Z","0"
"5","Casual","","2023-07-04T19:44:37.000Z","0"
"6","GMC GS","","2023-07-04T19:44:37.000Z","0"
"7","GMC Management","","2023-07-04T19:44:37.000Z","0"
"8","GMC PM","","2023-07-04T19:44:37.000Z","0"
"10","Promac Plumbing","","2023-07-04T19:44:37.000Z","0"
"11","Rhinos Plumbing","","2023-07-04T19:44:37.000Z","0"
"12","SPDR","","2023-07-04T19:44:37.000Z","0"
"13","SPDR Admin","","2023-07-04T19:44:37.000Z","0"
"14","SPDR Training","","2023-07-04T19:44:37.000Z","0"
"15","TMA","","2023-07-04T19:44:37.000Z","0"
"17","SPDR OPS","","2023-07-05T10:30:49.000Z","0"
"18","SPDR Commercial","","2023-08-10T08:39:34.000Z","0"
"22","Flawless Digital","","2024-04-01T09:35:59.000Z","0"
"23","AMX Partners","","2024-09-10T11:14:00.000Z","0"
"24","BD Plumbing","","2025-05-22T09:58:07.000Z","0"